TicketID,OpeningVersion,FixedVersion,InjectedVersion
SYNCOPE-118,1.0.0-incubating,1.0.0-incubating,1.0.0-incubating
SYNCOPE-117,1.0.0-incubating,1.0.0-incubating,1.0.0-incubating
SYNCOPE-115,1.0.0-incubating,1.0.0-incubating,1.0.0-incubating
SYNCOPE-114,1.0.0-incubating,1.0.0-incubating,1.0.0-incubating
SYNCOPE-113,1.0.0-incubating,1.0.0-incubating,1.0.0-incubating
SYNCOPE-112,1.0.0-incubating,1.0.0-incubating,1.0.0-incubating
SYNCOPE-111,1.0.0-incubating,1.0.0-incubating,1.0.0-incubating
SYNCOPE-108,1.0.0-incubating,1.0.0-incubating,1.0.0-incubating
SYNCOPE-106,1.0.0-incubating,1.0.0-incubating,1.0.0-incubating
SYNCOPE-104,1.0.0-incubating,1.0.0-incubating,1.0.0-incubating
SYNCOPE-103,1.0.0-incubating,1.0.0-incubating,1.0.0-incubating
SYNCOPE-102,1.0.0-incubating,1.0.0-incubating,1.0.0-incubating
SYNCOPE-101,1.0.0-incubating,1.0.0-incubating,1.0.0-incubating
SYNCOPE-99,1.0.0-incubating,1.0.0-incubating,1.0.0-incubating
SYNCOPE-97,1.0.0-incubating,1.0.0-incubating,1.0.0-incubating
SYNCOPE-96,1.0.0-incubating,1.0.0-incubating,1.0.0-incubating
SYNCOPE-95,1.0.0-incubating,1.0.0-incubating,1.0.0-incubating
SYNCOPE-94,1.0.0-incubating,1.0.0-incubating,1.0.0-incubating
SYNCOPE-92,1.0.0-incubating,1.0.0-incubating,1.0.0-incubating
SYNCOPE-90,1.0.0-incubating,1.0.0-incubating,1.0.0-incubating
SYNCOPE-86,1.0.0-incubating,1.0.0-incubating,1.0.0-incubating
SYNCOPE-84,1.0.0-incubating,1.0.0-incubating,1.0.0-incubating
SYNCOPE-83,1.0.0-incubating,1.0.0-incubating,1.0.0-incubating
SYNCOPE-82,1.0.0-incubating,1.0.0-incubating,1.0.0-incubating
SYNCOPE-80,1.0.0-incubating,1.0.0-incubating,1.0.0-incubating
SYNCOPE-77,1.0.0-incubating,1.0.0-incubating,1.0.0-incubating
SYNCOPE-75,1.0.0-incubating,1.0.0-incubating,1.0.0-incubating
SYNCOPE-72,1.0.0-incubating,1.0.0-incubating,1.0.0-incubating
SYNCOPE-71,1.0.0-incubating,1.0.0-incubating,1.0.0-incubating
SYNCOPE-70,1.0.0-incubating,1.0.0-incubating,1.0.0-incubating
SYNCOPE-68,1.0.0-incubating,1.0.0-incubating,1.0.0-incubating
SYNCOPE-65,1.0.0-incubating,1.0.0-incubating,1.0.0-incubating
SYNCOPE-63,1.0.0-incubating,1.0.0-incubating,1.0.0-incubating
SYNCOPE-58,1.0.0-incubating,1.0.0-incubating,1.0.0-incubating
SYNCOPE-54,1.0.0-incubating,1.0.0-incubating,1.0.0-incubating
SYNCOPE-52,1.0.0-incubating,1.0.0-incubating,1.0.0-incubating
SYNCOPE-49,1.0.0-incubating,1.0.0-incubating,1.0.0-incubating
SYNCOPE-48,1.0.0-incubating,1.0.0-incubating,1.0.0-incubating
SYNCOPE-47,1.0.0-incubating,1.0.0-incubating,1.0.0-incubating
SYNCOPE-46,1.0.0-incubating,1.0.0-incubating,1.0.0-incubating
SYNCOPE-43,1.0.0-incubating,1.0.0-incubating,1.0.0-incubating
SYNCOPE-41,1.0.0-incubating,1.0.0-incubating,1.0.0-incubating
SYNCOPE-40,1.0.0-incubating,1.0.0-incubating,1.0.0-incubating
SYNCOPE-39,1.0.0-incubating,1.0.0-incubating,1.0.0-incubating
SYNCOPE-37,1.0.0-incubating,1.0.0-incubating,1.0.0-incubating
SYNCOPE-34,1.0.0-incubating,1.0.0-incubating,1.0.0-incubating
SYNCOPE-33,1.0.0-incubating,1.0.0-incubating,1.0.0-incubating
SYNCOPE-32,1.0.0-incubating,1.0.0-incubating,1.0.0-incubating
SYNCOPE-31,1.0.0-incubating,1.0.0-incubating,1.0.0-incubating
SYNCOPE-30,1.0.0-incubating,1.0.0-incubating,1.0.0-incubating
SYNCOPE-29,1.0.0-incubating,1.0.0-incubating,1.0.0-incubating
SYNCOPE-27,1.0.0-incubating,1.0.0-incubating,1.0.0-incubating
SYNCOPE-23,1.0.0-incubating,1.0.0-incubating,1.0.0-incubating
SYNCOPE-21,1.0.0-incubating,1.0.0-incubating,1.0.0-incubating
SYNCOPE-18,1.0.0-incubating,1.0.0-incubating,1.0.0-incubating
SYNCOPE-17,1.0.0-incubating,1.0.0-incubating,1.0.0-incubating
SYNCOPE-16,1.0.0-incubating,1.0.0-incubating,1.0.0-incubating
SYNCOPE-12,1.0.0-incubating,1.0.0-incubating,1.0.0-incubating
SYNCOPE-11,1.0.0-incubating,1.0.0-incubating,1.0.0-incubating
SYNCOPE-10,1.0.0-incubating,1.0.0-incubating,1.0.0-incubating
SYNCOPE-8,1.0.0-incubating,1.0.0-incubating,1.0.0-incubating
SYNCOPE-3,1.0.0-incubating,1.0.0-incubating,1.0.0-incubating
SYNCOPE-1,1.0.0-incubating,1.0.0-incubating,1.0.0-incubating
SYNCOPE-187,1.0.1-incubating,1.0.1-incubating,1.0.0-incubating
SYNCOPE-183,1.0.1-incubating,1.0.1-incubating,1.0.1-incubating
SYNCOPE-197,1.0.3-incubating,1.0.3-incubating,1.0.3-incubating,stimato
SYNCOPE-196,1.0.3-incubating,1.0.3-incubating,1.0.0-incubating
SYNCOPE-234,1.0.4,1.0.4,1.0.4
SYNCOPE-274,1.0.5,1.0.5,1.0.4
SYNCOPE-272,1.0.5,1.0.5,1.0.5
SYNCOPE-269,1.0.5,1.0.5,1.0.4
SYNCOPE-267,1.0.5,1.0.5,1.0.4
SYNCOPE-262,1.0.5,1.0.5,1.0.5
SYNCOPE-260,1.0.5,1.0.5,1.0.5
SYNCOPE-325,1.0.6,1.0.6,1.0.5
SYNCOPE-323,1.0.6,1.0.6,1.0.5
SYNCOPE-322,1.0.6,1.0.6,1.0.6,stimato
SYNCOPE-321,1.0.6,1.0.6,1.0.6
SYNCOPE-320,1.0.6,1.0.6,1.0.6
SYNCOPE-317,1.0.6,1.0.6,1.0.6
SYNCOPE-316,1.0.6,1.0.6,1.0.5
SYNCOPE-315,1.0.6,1.0.6,1.0.5
SYNCOPE-314,1.0.6,1.0.6,1.0.6
SYNCOPE-312,1.0.6,1.0.6,1.0.6,stimato
SYNCOPE-310,1.0.6,1.0.6,1.0.5
SYNCOPE-309,1.0.6,1.0.6,1.0.5
SYNCOPE-308,1.0.6,1.0.6,1.0.5
SYNCOPE-307,1.0.6,1.0.6,1.0.6
SYNCOPE-306,1.0.6,1.0.6,1.0.6,stimato
SYNCOPE-302,1.0.6,1.0.6,1.0.6
SYNCOPE-301,1.0.6,1.0.6,1.0.5
SYNCOPE-297,1.0.6,1.0.6,1.0.6,stimato
SYNCOPE-294,1.0.6,1.0.6,1.0.5
SYNCOPE-292,1.0.6,1.0.6,1.0.6
SYNCOPE-284,1.0.6,1.0.6,1.0.6
SYNCOPE-81,1.0.0-incubating,1.0.6,1.0.0-incubating
SYNCOPE-343,1.0.7,1.0.7,1.0.7
SYNCOPE-342,1.0.7,1.0.7,1.0.6
SYNCOPE-341,1.0.7,1.0.7,1.0.6
SYNCOPE-339,1.0.7,1.0.7,1.0.7
SYNCOPE-338,1.0.7,1.0.7,1.0.7
SYNCOPE-334,1.0.7,1.0.7,1.0.7
SYNCOPE-332,1.0.7,1.0.7,1.0.5
SYNCOPE-330,1.0.7,1.0.7,1.0.7
SYNCOPE-329,1.0.7,1.0.7,1.0.7,stimato
SYNCOPE-328,1.0.7,1.0.7,1.0.7,stimato
SYNCOPE-327,1.0.7,1.0.7,1.0.6
SYNCOPE-318,1.0.6,1.0.7,1.0.6,stimato
SYNCOPE-358,1.0.8,1.0.8,1.1.0
SYNCOPE-356,1.0.8,1.0.8,1.1.0
SYNCOPE-353,1.0.8,1.0.8,1.1.0
SYNCOPE-352,1.0.8,1.0.8,1.1.0
SYNCOPE-351,1.0.8,1.0.8,1.0.7
SYNCOPE-365,1.1.1,1.1.1,1.1.0
SYNCOPE-364,1.1.1,1.1.1,1.0.8
SYNCOPE-363,1.1.1,1.1.1,1.1.0
SYNCOPE-361,1.1.1,1.1.1,1.1.0
SYNCOPE-360,1.1.1,1.1.1,1.1.0
SYNCOPE-357,1.0.8,1.1.1,1.1.0
SYNCOPE-354,1.0.8,1.1.1,1.1.0
SYNCOPE-336,1.0.7,1.1.1,1.0.5,stimato
SYNCOPE-387,1.1.2,1.1.2,1.1.1
SYNCOPE-386,1.1.2,1.1.2,1.1.1
SYNCOPE-385,1.1.2,1.1.2,1.1.1
SYNCOPE-384,1.1.2,1.1.2,1.1.1
SYNCOPE-383,1.1.2,1.1.2,1.1.1
SYNCOPE-381,1.1.2,1.1.2,1.1.1
SYNCOPE-376,1.1.2,1.1.2,1.1.1
SYNCOPE-375,1.1.2,1.1.2,1.1.1
SYNCOPE-373,1.1.2,1.1.2,1.1.1
SYNCOPE-372,1.1.2,1.1.2,1.1.1
SYNCOPE-371,1.1.2,1.1.2,1.1.1
SYNCOPE-369,1.1.2,1.1.2,1.1.1
SYNCOPE-368,1.1.2,1.1.2,1.1.0
SYNCOPE-400,1.1.3,1.1.3,1.0.8
SYNCOPE-399,1.1.3,1.1.3,1.1.2
SYNCOPE-398,1.1.3,1.1.3,1.1.2
SYNCOPE-397,1.1.3,1.1.3,1.1.2
SYNCOPE-396,1.1.3,1.1.3,1.1.3
SYNCOPE-394,1.1.3,1.1.3,1.1.2
SYNCOPE-370,1.1.2,1.1.3,1.1.1
SYNCOPE-418,1.1.4,1.1.4,1.1.3
SYNCOPE-417,1.1.4,1.1.4,1.1.3
SYNCOPE-414,1.1.4,1.1.4,1.1.4
SYNCOPE-412,1.1.4,1.1.4,1.1.3
SYNCOPE-404,1.1.4,1.1.4,1.1.0
SYNCOPE-285,1.0.6,1.1.4,1.0.0-incubating,stimato
SYNCOPE-440,1.1.5,1.1.5,1.1.3
SYNCOPE-437,1.1.5,1.1.5,1.1.4
SYNCOPE-436,1.1.5,1.1.5,1.1.4
SYNCOPE-435,1.1.5,1.1.5,1.1.4
SYNCOPE-434,1.1.5,1.1.5,1.1.4
SYNCOPE-433,1.1.5,1.1.5,1.1.4
SYNCOPE-426,1.1.5,1.1.5,1.1.4
SYNCOPE-423,1.1.5,1.1.5,1.1.5
SYNCOPE-419,1.1.5,1.1.5,1.1.4
SYNCOPE-477,1.1.6,1.1.6,1.1.5
SYNCOPE-476,1.1.6,1.1.6,1.1.5
SYNCOPE-475,1.1.6,1.1.6,1.1.5
SYNCOPE-474,1.1.6,1.1.6,1.1.5
SYNCOPE-466,1.1.6,1.1.6,1.1.5
SYNCOPE-465,1.1.6,1.1.6,1.1.6
SYNCOPE-462,1.1.6,1.1.6,1.1.5
SYNCOPE-457,1.1.6,1.1.6,1.1.5
SYNCOPE-456,1.1.6,1.1.6,1.1.6
SYNCOPE-455,1.1.6,1.1.6,1.1.5
SYNCOPE-454,1.1.6,1.1.6,1.1.5
SYNCOPE-453,1.1.6,1.1.6,1.1.5
SYNCOPE-452,1.1.6,1.1.6,1.1.5
SYNCOPE-349,1.1.0,1.1.6,1.0.7
SYNCOPE-484,1.1.7,1.1.7,1.1.6
SYNCOPE-482,1.1.7,1.1.7,1.1.7
SYNCOPE-515,1.1.8,1.1.8,1.1.7
SYNCOPE-514,1.1.8,1.1.8,1.1.8
SYNCOPE-512,1.1.8,1.1.8,1.1.8
SYNCOPE-510,1.1.8,1.1.8,1.1.8
SYNCOPE-509,1.1.8,1.1.8,1.1.8
SYNCOPE-506,1.1.8,1.1.8,1.1.8
SYNCOPE-504,1.1.8,1.1.8,1.1.7
SYNCOPE-501,1.1.8,1.1.8,1.1.8
SYNCOPE-500,1.1.8,1.1.8,1.1.8
SYNCOPE-499,1.1.8,1.1.8,1.1.7
SYNCOPE-498,1.1.8,1.1.8,1.1.8,stimato
SYNCOPE-497,1.1.8,1.1.8,1.1.8,stimato
SYNCOPE-495,1.1.8,1.1.8,1.1.8
SYNCOPE-490,1.1.8,1.1.8,1.1.8
SYNCOPE-489,1.1.8,1.1.8,1.1.8
SYNCOPE-483,1.1.7,1.1.8,1.1.7
SYNCOPE-459,1.1.6,1.1.8,1.1.4
SYNCOPE-458,1.1.6,1.1.8,1.1.5
SYNCOPE-546,1.2.0-M1,1.2.0-M1,1.2.0-M1,stimato
SYNCOPE-545,1.2.0-M1,1.2.0-M1,1.2.0-M1,stimato
SYNCOPE-540,1.2.0-M1,1.2.0-M1,1.2.0-M1
SYNCOPE-539,1.2.0-M1,1.2.0-M1,1.2.0-M1
SYNCOPE-532,1.2.0-M1,1.2.0-M1,1.2.0-M1
SYNCOPE-531,1.2.0-M1,1.2.0-M1,1.1.8
SYNCOPE-527,1.1.8,1.2.0-M1,1.1.7,stimato
SYNCOPE-556,1.2.0,1.2.0,1.2.0-M1
SYNCOPE-553,1.2.0,1.2.0,1.2.0-M1
SYNCOPE-551,1.2.0,1.2.0,1.2.0-M1
SYNCOPE-549,1.2.0,1.2.0,1.2.0-M1
SYNCOPE-548,1.2.0,1.2.0,1.2.0-M1
SYNCOPE-547,1.2.0,1.2.0,1.1.8
SYNCOPE-543,1.2.0-M1,1.2.0,1.1.8
SYNCOPE-605,1.2.1,1.2.1,1.2.1
SYNCOPE-603,1.2.1,1.2.1,1.2.1
SYNCOPE-601,1.2.1,1.2.1,1.1.8
SYNCOPE-600,1.2.1,1.2.1,1.1.8
SYNCOPE-598,1.2.1,1.2.1,1.2.0
SYNCOPE-597,1.2.1,1.2.1,1.2.0
SYNCOPE-596,1.2.1,1.2.1,1.2.0-M1
SYNCOPE-578,1.2.1,1.2.1,1.2.0-M1
SYNCOPE-576,1.2.1,1.2.1,1.2.0
SYNCOPE-574,1.2.1,1.2.1,1.2.0
SYNCOPE-572,1.2.1,1.2.1,1.2.0
SYNCOPE-571,1.2.1,1.2.1,1.2.0
SYNCOPE-569,1.2.1,1.2.1,1.2.0
SYNCOPE-568,1.2.1,1.2.1,1.1.8
SYNCOPE-567,1.2.1,1.2.1,1.2.0
SYNCOPE-566,1.2.1,1.2.1,1.2.0
SYNCOPE-565,1.2.1,1.2.1,1.2.0
SYNCOPE-564,1.2.1,1.2.1,1.2.0
SYNCOPE-562,1.2.1,1.2.1,1.2.0
SYNCOPE-561,1.2.1,1.2.1,1.2.0
SYNCOPE-560,1.2.1,1.2.1,1.2.0
SYNCOPE-557,1.2.1,1.2.1,1.2.0-M1
SYNCOPE-554,1.2.0,1.2.1,1.2.0-M1
SYNCOPE-632,1.2.2,1.2.2,1.2.1
SYNCOPE-629,1.2.2,1.2.2,1.2.1
SYNCOPE-625,1.2.2,1.2.2,1.2.2,stimato
SYNCOPE-617,1.2.2,1.2.2,1.2.1
SYNCOPE-615,1.2.2,1.2.2,1.2.2
SYNCOPE-614,1.2.2,1.2.2,1.2.1
SYNCOPE-613,1.2.2,1.2.2,1.2.1
SYNCOPE-611,1.2.2,1.2.2,1.2.1
SYNCOPE-608,1.2.2,1.2.2,1.2.0
SYNCOPE-607,1.2.2,1.2.2,1.2.1
SYNCOPE-647,1.2.3,1.2.3,1.2.2
SYNCOPE-644,1.2.3,1.2.3,1.2.2
SYNCOPE-643,1.2.3,1.2.3,1.1.8
SYNCOPE-641,1.2.3,1.2.3,1.2.2
SYNCOPE-639,1.2.3,1.2.3,1.2.1
SYNCOPE-638,1.2.3,1.2.3,1.2.2
SYNCOPE-664,1.2.4,1.2.4,1.2.3
SYNCOPE-659,1.2.4,1.2.4,1.2.3
SYNCOPE-658,1.2.4,1.2.4,1.2.3
SYNCOPE-656,1.2.4,1.2.4,1.2.3
SYNCOPE-655,1.2.4,1.2.4,1.2.3
SYNCOPE-654,1.2.4,1.2.4,1.2.3
SYNCOPE-684,1.2.5,1.2.5,1.2.4
SYNCOPE-683,1.2.5,1.2.5,1.2.4
SYNCOPE-682,1.2.5,1.2.5,1.2.4
SYNCOPE-678,1.2.5,1.2.5,1.2.4
SYNCOPE-677,1.2.5,1.2.5,1.2.4
SYNCOPE-673,1.2.5,1.2.5,1.2.2
SYNCOPE-672,1.2.5,1.2.5,1.2.4
SYNCOPE-671,1.2.5,1.2.5,1.2.4
SYNCOPE-670,1.2.5,1.2.5,1.2.4
SYNCOPE-669,1.2.5,1.2.5,1.2.4
SYNCOPE-668,1.2.5,1.2.5,1.2.4
SYNCOPE-717,1.2.6,1.2.6,1.2.5
SYNCOPE-716,1.2.6,1.2.6,1.2.5
SYNCOPE-712,1.2.6,1.2.6,1.2.5
SYNCOPE-710,1.2.6,1.2.6,1.2.5
SYNCOPE-707,1.2.6,1.2.6,1.2.5
SYNCOPE-706,1.2.6,1.2.6,1.2.6
SYNCOPE-703,1.2.6,1.2.6,1.2.6
SYNCOPE-702,1.2.6,1.2.6,1.2.6,stimato
SYNCOPE-691,1.2.6,1.2.6,1.2.5
SYNCOPE-689,1.2.6,1.2.6,1.2.6
SYNCOPE-688,1.2.6,1.2.6,1.2.6
SYNCOPE-686,1.2.6,1.2.6,1.2.5
SYNCOPE-741,2.0.0-M1,2.0.0-M1,1.2.6
SYNCOPE-739,2.0.0-M1,2.0.0-M1,1.2.6
SYNCOPE-734,2.0.0-M1,2.0.0-M1,2.0.0-M1,stimato
SYNCOPE-733,2.0.0-M1,2.0.0-M1,2.0.0-M1
SYNCOPE-729,2.0.0-M1,2.0.0-M1,1.2.6
SYNCOPE-782,2.0.0-M2,2.0.0-M2,2.0.0-M2
SYNCOPE-776,2.0.0-M2,2.0.0-M2,2.0.0-M1
SYNCOPE-775,2.0.0-M2,2.0.0-M2,2.0.0-M1
SYNCOPE-774,2.0.0-M2,2.0.0-M2,2.0.0-M2
SYNCOPE-769,2.0.0-M2,2.0.0-M2,1.2.7
SYNCOPE-768,2.0.0-M2,2.0.0-M2,1.2.7
SYNCOPE-762,2.0.0-M2,2.0.0-M2,2.0.0-M1
SYNCOPE-759,2.0.0-M2,2.0.0-M2,2.0.0-M1
SYNCOPE-758,2.0.0-M2,2.0.0-M2,2.0.0-M1
SYNCOPE-756,1.2.7,2.0.0-M2,2.0.0-M1
SYNCOPE-735,2.0.0-M1,2.0.0-M2,1.2.6
SYNCOPE-730,2.0.0-M1,2.0.0-M2,2.0.0-M1
SYNCOPE-850,2.0.0-M3,2.0.0-M3,2.0.0-M3
SYNCOPE-849,2.0.0-M3,2.0.0-M3,2.0.0-M3
SYNCOPE-847,2.0.0-M3,2.0.0-M3,2.0.0-M3,stimato
SYNCOPE-846,2.0.0-M3,2.0.0-M3,2.0.0-M3,stimato
SYNCOPE-844,2.0.0-M3,2.0.0-M3,2.0.0-M3,stimato
SYNCOPE-839,2.0.0-M3,2.0.0-M3,2.0.0-M2
SYNCOPE-837,2.0.0-M3,2.0.0-M3,2.0.0-M2
SYNCOPE-836,2.0.0-M3,2.0.0-M3,2.0.0-M3
SYNCOPE-825,2.0.0-M3,2.0.0-M3,2.0.0-M2
SYNCOPE-823,2.0.0-M3,2.0.0-M3,2.0.0-M2
SYNCOPE-817,2.0.0-M3,2.0.0-M3,2.0.0-M2
SYNCOPE-814,2.0.0-M3,2.0.0-M3,2.0.0-M2
SYNCOPE-813,2.0.0-M3,2.0.0-M3,2.0.0-M2
SYNCOPE-812,2.0.0-M3,2.0.0-M3,2.0.0-M1
SYNCOPE-811,2.0.0-M3,2.0.0-M3,2.0.0-M2
SYNCOPE-801,2.0.0-M3,2.0.0-M3,2.0.0-M2
SYNCOPE-800,2.0.0-M3,2.0.0-M3,1.2.7
SYNCOPE-799,2.0.0-M3,2.0.0-M3,2.0.0-M2
SYNCOPE-798,2.0.0-M3,2.0.0-M3,2.0.0-M2
SYNCOPE-793,2.0.0-M3,2.0.0-M3,2.0.0-M2
SYNCOPE-792,2.0.0-M3,2.0.0-M3,2.0.0-M2
SYNCOPE-783,2.0.0-M3,2.0.0-M3,2.0.0-M2
SYNCOPE-781,2.0.0-M2,2.0.0-M3,2.0.0-M2
SYNCOPE-780,2.0.0-M2,2.0.0-M3,2.0.0-M2
SYNCOPE-737,2.0.0-M1,2.0.0-M3,2.0.0-M1
SYNCOPE-876,2.0.0-M4,2.0.0-M4,2.0.0-M4,stimato
SYNCOPE-875,2.0.0-M4,2.0.0-M4,2.0.0-M3
SYNCOPE-869,2.0.0-M4,2.0.0-M4,2.0.0-M3
SYNCOPE-868,2.0.0-M4,2.0.0-M4,2.0.0-M3
SYNCOPE-867,2.0.0-M4,2.0.0-M4,2.0.0-M3
SYNCOPE-865,2.0.0-M3,2.0.0-M4,2.0.0-M3
SYNCOPE-863,2.0.0-M3,2.0.0-M4,2.0.0-M2
SYNCOPE-845,2.0.0-M3,2.0.0-M4,2.0.0-M2,stimato
SYNCOPE-928,2.0.0.M5,2.0.0.M5,1.1.8
SYNCOPE-927,2.0.0.M5,2.0.0.M5,2.0.0-M4
SYNCOPE-923,2.0.0.M5,2.0.0.M5,2.0.0.M5,stimato
SYNCOPE-921,2.0.0.M5,2.0.0.M5,2.0.0-M4
SYNCOPE-918,2.0.0.M5,2.0.0.M5,2.0.0-M4
SYNCOPE-916,2.0.0.M5,2.0.0.M5,2.0.0-M4
SYNCOPE-915,2.0.0.M5,2.0.0.M5,2.0.0-M4
SYNCOPE-912,2.0.0.M5,2.0.0.M5,2.0.0-M4
SYNCOPE-911,2.0.0.M5,2.0.0.M5,2.0.0-M4
SYNCOPE-908,2.0.0.M5,2.0.0.M5,2.0.0-M4
SYNCOPE-907,2.0.0.M5,2.0.0.M5,2.0.0-M4
SYNCOPE-905,2.0.0.M5,2.0.0.M5,2.0.0-M4
SYNCOPE-901,2.0.0.M5,2.0.0.M5,2.0.0-M2
SYNCOPE-900,2.0.0.M5,2.0.0.M5,2.0.0.M5,stimato
SYNCOPE-899,2.0.0.M5,2.0.0.M5,2.0.0.M5,stimato
SYNCOPE-898,2.0.0.M5,2.0.0.M5,2.0.0-M4
SYNCOPE-893,2.0.0.M5,2.0.0.M5,2.0.0-M4
SYNCOPE-892,2.0.0.M5,2.0.0.M5,2.0.0-M4
SYNCOPE-891,2.0.0.M5,2.0.0.M5,2.0.0-M4
SYNCOPE-888,2.0.0.M5,2.0.0.M5,2.0.0-M4
SYNCOPE-887,2.0.0.M5,2.0.0.M5,2.0.0-M4
SYNCOPE-886,2.0.0.M5,2.0.0.M5,2.0.0-M4
SYNCOPE-884,2.0.0.M5,2.0.0.M5,2.0.0-M4
SYNCOPE-883,2.0.0.M5,2.0.0.M5,2.0.0-M4
SYNCOPE-881,2.0.0.M5,2.0.0.M5,2.0.0-M4
SYNCOPE-879,2.0.0.M5,2.0.0.M5,2.0.0-M4
SYNCOPE-878,2.0.0.M5,2.0.0.M5,2.0.0-M4
SYNCOPE-872,2.0.0-M4,2.0.0.M5,2.0.0-M3,stimato
SYNCOPE-936,2.0.0,2.0.0,2.0.0,stimato
SYNCOPE-935,2.0.0,2.0.0,2.0.0.M5
SYNCOPE-934,2.0.0,2.0.0,2.0.0.M5
SYNCOPE-933,2.0.0,2.0.0,2.0.0.M5
SYNCOPE-931,2.0.0,2.0.0,2.0.0.M5
SYNCOPE-930,2.0.0,2.0.0,2.0.0-M4
SYNCOPE-929,2.0.0,2.0.0,2.0.0,stimato
SYNCOPE-738,2.0.0-M1,2.0.0,2.0.0-M1
SYNCOPE-973,1.2.10,1.2.9,1.2.9
SYNCOPE-953,1.2.9,1.2.9,2.0.0
SYNCOPE-950,1.2.9,1.2.9,1.2.9
SYNCOPE-947,1.2.9,1.2.9,2.0.0
SYNCOPE-946,1.2.9,1.2.9,2.0.0
SYNCOPE-944,1.2.9,1.2.9,2.0.0
SYNCOPE-942,1.2.9,1.2.9,2.0.0
SYNCOPE-940,1.2.9,1.2.9,2.0.0
SYNCOPE-937,1.2.9,1.2.9,2.0.0.M5
SYNCOPE-1000,1.2.10,1.2.10,2.0.1
SYNCOPE-997,1.2.10,1.2.10,2.0.1
SYNCOPE-994,1.2.10,1.2.10,2.0.1
SYNCOPE-993,1.2.10,1.2.10,2.0.1
SYNCOPE-992,1.2.10,1.2.10,2.0.1
SYNCOPE-990,1.2.10,1.2.10,2.0.1
SYNCOPE-987,1.2.10,1.2.10,2.0.1
SYNCOPE-982,1.2.10,1.2.10,2.0.1
SYNCOPE-981,1.2.10,1.2.10,2.0.1
SYNCOPE-980,1.2.10,1.2.10,2.0.1
SYNCOPE-979,1.2.10,1.2.10,2.0.1
SYNCOPE-977,1.2.10,1.2.10,2.0.1
SYNCOPE-976,1.2.10,1.2.10,1.2.9
SYNCOPE-975,1.2.10,1.2.10,1.2.10
SYNCOPE-974,1.2.10,1.2.10,2.0.1
SYNCOPE-970,1.2.10,1.2.10,2.0.1
SYNCOPE-966,1.2.10,1.2.10,2.0.1
SYNCOPE-965,1.2.10,1.2.10,1.2.9
SYNCOPE-1002,2.0.2,2.0.2,2.0.1
SYNCOPE-1001,2.0.2,2.0.2,2.0.1
SYNCOPE-999,1.2.10,2.0.2,1.2.9
SYNCOPE-1062,2.0.3,2.0.3,2.0.2
SYNCOPE-1060,2.0.3,2.0.3,2.0.2
SYNCOPE-1057,2.0.3,2.0.3,2.0.3
SYNCOPE-1052,2.0.3,2.0.3,2.0.3,stimato
SYNCOPE-1051,2.0.3,2.0.3,2.0.2
SYNCOPE-1049,2.0.3,2.0.3,2.0.2
SYNCOPE-1048,2.0.3,2.0.3,2.0.2
SYNCOPE-1046,2.0.3,2.0.3,2.0.2
SYNCOPE-1045,2.0.3,2.0.3,2.0.3
SYNCOPE-1044,2.0.3,2.0.3,2.0.2
SYNCOPE-1043,2.0.3,2.0.3,2.0.2
SYNCOPE-1042,2.0.3,2.0.3,2.0.2
SYNCOPE-1040,2.0.3,2.0.3,2.0.2
SYNCOPE-1039,2.0.3,2.0.3,2.0.2
SYNCOPE-1038,2.0.3,2.0.3,2.0.2
SYNCOPE-1037,2.0.3,2.0.3,2.0.2
SYNCOPE-1036,2.0.3,2.0.3,2.0.2
SYNCOPE-1034,2.0.3,2.0.3,2.0.2
SYNCOPE-1033,2.0.3,2.0.3,2.0.2
SYNCOPE-1032,2.0.3,2.0.3,2.0.2
SYNCOPE-1030,2.0.3,2.0.3,2.0.2
SYNCOPE-1027,2.0.3,2.0.3,2.0.2
SYNCOPE-1026,2.0.3,2.0.3,2.0.2
SYNCOPE-1025,2.0.3,2.0.3,2.0.2
SYNCOPE-1023,2.0.3,2.0.3,2.0.2
SYNCOPE-1022,2.0.3,2.0.3,2.0.2
SYNCOPE-1016,2.0.3,2.0.3,2.0.2
SYNCOPE-1014,2.0.3,2.0.3,2.0.2
SYNCOPE-1013,2.0.3,2.0.3,2.0.2
SYNCOPE-1012,2.0.3,2.0.3,2.0.2
SYNCOPE-1010,2.0.3,2.0.3,2.0.2
SYNCOPE-1008,2.0.3,2.0.3,2.0.2
SYNCOPE-1007,2.0.3,2.0.3,2.0.2
SYNCOPE-1004,2.0.3,2.0.3,2.0.2
SYNCOPE-1003,2.0.3,2.0.3,2.0.2
SYNCOPE-1135,2.0.4,2.0.4,2.0.3
SYNCOPE-1134,2.0.4,2.0.4,2.0.3
SYNCOPE-1133,2.0.4,2.0.4,2.0.3
SYNCOPE-1131,2.0.4,2.0.4,2.0.3
SYNCOPE-1130,2.0.4,2.0.4,2.0.3
SYNCOPE-1128,2.0.4,2.0.4,1.1.8
SYNCOPE-1125,2.0.4,2.0.4,2.0.3
SYNCOPE-1123,2.0.4,2.0.4,2.0.3
SYNCOPE-1121,2.0.4,2.0.4,2.0.3
SYNCOPE-1114,2.0.4,2.0.4,2.0.3
SYNCOPE-1112,2.0.4,2.0.4,2.0.3
SYNCOPE-1111,2.0.4,2.0.4,2.0.3
SYNCOPE-1110,2.0.4,2.0.4,2.0.3
SYNCOPE-1109,2.0.4,2.0.4,2.0.3
SYNCOPE-1108,2.0.4,2.0.4,2.0.3
SYNCOPE-1107,2.0.4,2.0.4,2.0.3
SYNCOPE-1104,2.0.4,2.0.4,2.0.3
SYNCOPE-1101,2.0.4,2.0.4,2.0.4
SYNCOPE-1099,2.0.4,2.0.4,2.0.3
SYNCOPE-1098,2.0.4,2.0.4,2.0.3
SYNCOPE-1094,2.0.4,2.0.4,2.0.3
SYNCOPE-1091,2.0.4,2.0.4,2.0.3
SYNCOPE-1090,2.0.4,2.0.4,2.0.3
SYNCOPE-1089,2.0.4,2.0.4,2.0.3
SYNCOPE-1085,2.0.4,2.0.4,2.0.3
SYNCOPE-1082,2.0.4,2.0.4,2.0.3
SYNCOPE-1081,2.0.4,2.0.4,2.0.4
SYNCOPE-1079,2.0.4,2.0.4,2.0.3
SYNCOPE-1078,2.0.4,2.0.4,2.0.4
SYNCOPE-1076,2.0.4,2.0.4,2.0.3
SYNCOPE-1075,2.0.4,2.0.4,2.0.3
SYNCOPE-1071,2.0.4,2.0.4,2.0.3
SYNCOPE-1070,2.0.4,2.0.4,1.2.10
SYNCOPE-1069,2.0.4,2.0.4,2.0.4,stimato
SYNCOPE-1066,2.0.3,2.0.4,2.0.2
SYNCOPE-1203,2.0.5,2.0.5,2.0.5
SYNCOPE-1199,2.0.5,2.0.5,2.0.2
SYNCOPE-1193,2.0.5,2.0.5,2.0.4
SYNCOPE-1189,2.0.5,2.0.5,2.0.4
SYNCOPE-1188,2.0.5,2.0.5,2.0.4
SYNCOPE-1180,2.0.5,2.0.5,2.0.4
SYNCOPE-1179,2.0.5,2.0.5,2.0.4
SYNCOPE-1178,2.0.5,2.0.5,2.0.5,stimato
SYNCOPE-1175,2.0.5,2.0.5,2.0.4
SYNCOPE-1174,2.0.5,2.0.5,2.0.4
SYNCOPE-1170,2.0.5,2.0.5,2.0.5,stimato
SYNCOPE-1168,2.0.5,2.0.5,2.0.5,stimato
SYNCOPE-1166,2.0.5,2.0.5,2.0.4
SYNCOPE-1163,2.0.5,2.0.5,2.0.4
SYNCOPE-1162,2.0.5,2.0.5,2.0.4
SYNCOPE-1158,2.0.5,2.0.5,2.0.4
SYNCOPE-1151,2.0.5,2.0.5,2.0.4
SYNCOPE-1150,2.0.5,2.0.5,2.0.4
SYNCOPE-1149,2.0.5,2.0.5,2.0.4
SYNCOPE-1141,2.0.5,2.0.5,2.0.4
SYNCOPE-1140,2.0.5,2.0.5,2.0.4
SYNCOPE-1139,2.0.5,2.0.5,2.0.4
SYNCOPE-1217,2.0.6,2.0.6,2.0.5
SYNCOPE-1216,2.0.6,2.0.6,2.0.6,stimato
SYNCOPE-1215,2.0.6,2.0.6,2.0.5
SYNCOPE-1214,2.0.6,2.0.6,2.0.5
SYNCOPE-1213,2.0.6,2.0.6,2.0.5
SYNCOPE-1211,2.0.6,2.0.6,2.0.0
SYNCOPE-1210,2.0.6,2.0.6,1.2.10
SYNCOPE-1207,2.0.6,2.0.6,2.0.5
SYNCOPE-1206,2.0.6,2.0.6,2.0.5
SYNCOPE-1205,2.0.6,2.0.6,2.0.5
SYNCOPE-1253,2.0.7,2.0.7,2.0.6
SYNCOPE-1252,2.0.7,2.0.7,2.0.6
SYNCOPE-1251,2.0.7,2.0.7,2.0.6
SYNCOPE-1250,2.0.7,2.0.7,2.0.6
SYNCOPE-1248,2.0.7,2.0.7,2.0.6
SYNCOPE-1247,2.0.7,2.0.7,2.0.6
SYNCOPE-1246,2.0.7,2.0.7,2.0.6
SYNCOPE-1244,2.0.7,2.0.7,2.0.2
SYNCOPE-1241,2.0.7,2.0.7,2.0.6
SYNCOPE-1239,2.0.7,2.0.7,2.0.6
SYNCOPE-1236,2.0.7,2.0.7,2.0.6
SYNCOPE-1233,2.0.7,2.0.7,2.0.6
SYNCOPE-1232,2.0.7,2.0.7,2.0.6
SYNCOPE-1231,2.0.7,2.0.7,2.0.6
SYNCOPE-1230,2.0.7,2.0.7,2.0.6
SYNCOPE-1229,2.0.7,2.0.7,2.0.6
SYNCOPE-1227,2.0.7,2.0.7,2.0.6
SYNCOPE-1226,2.0.7,2.0.7,2.0.6
SYNCOPE-1224,2.0.7,2.0.7,2.0.6
SYNCOPE-1223,2.0.7,2.0.7,2.0.6
SYNCOPE-1222,2.0.7,2.0.7,2.0.6
SYNCOPE-1190,2.0.5,2.0.7,2.0.4
SYNCOPE-1276,2.0.8,2.0.8,2.0.7
SYNCOPE-1275,2.0.8,2.0.8,2.0.7
SYNCOPE-1272,2.0.8,2.0.8,2.0.7
SYNCOPE-1269,2.0.8,2.0.8,2.0.7
SYNCOPE-1266,2.0.8,2.0.8,2.0.7
SYNCOPE-1265,2.0.8,2.0.8,2.0.7
SYNCOPE-1263,2.0.8,2.0.8,2.0.7
SYNCOPE-1261,2.0.8,2.0.8,2.0.7
SYNCOPE-1257,2.0.8,2.0.8,2.0.7
SYNCOPE-1235,2.0.7,2.0.8,2.0.6
SYNCOPE-1326,2.0.9,2.0.9,2.0.8
SYNCOPE-1321,2.0.9,2.0.9,2.0.8
SYNCOPE-1320,2.0.9,2.0.9,2.0.8
SYNCOPE-1319,2.0.9,2.0.9,2.0.8
SYNCOPE-1318,2.0.9,2.0.9,2.0.8
SYNCOPE-1315,2.0.9,2.0.9,2.0.8
SYNCOPE-1314,2.0.9,2.0.9,2.0.8
SYNCOPE-1312,2.0.9,2.0.9,2.0.8
SYNCOPE-1309,2.0.9,2.0.9,2.0.8
SYNCOPE-1308,2.0.9,2.0.9,2.0.8
SYNCOPE-1307,2.0.9,2.0.9,2.0.8
SYNCOPE-1306,2.0.9,2.0.9,2.0.8
SYNCOPE-1304,2.0.9,2.0.9,2.0.8
SYNCOPE-1303,2.0.9,2.0.9,2.0.9,stimato
SYNCOPE-1301,2.0.9,2.0.9,2.0.8
SYNCOPE-1298,2.0.9,2.0.9,2.0.8
SYNCOPE-1297,2.0.9,2.0.9,2.0.8
SYNCOPE-1296,2.0.9,2.0.9,2.0.9,stimato
SYNCOPE-1294,2.0.9,2.0.9,2.0.8
SYNCOPE-1293,2.0.9,2.0.9,2.0.9,stimato
SYNCOPE-1291,2.0.9,2.0.9,2.0.8
SYNCOPE-1288,2.0.9,2.0.9,2.0.9,stimato
SYNCOPE-1285,2.0.9,2.0.9,2.0.8
SYNCOPE-1282,2.0.9,2.0.9,2.0.8
SYNCOPE-1254,2.0.7,2.0.9,2.0.7
SYNCOPE-1330,2.1.0,2.1.0,2.1.0,stimato
SYNCOPE-1358,2.1.1,2.1.1,2.0.9
SYNCOPE-1357,2.1.1,2.1.1,2.0.9
SYNCOPE-1356,2.1.1,2.1.1,2.0.9
SYNCOPE-1354,2.1.1,2.1.1,2.0.9
SYNCOPE-1353,2.1.1,2.1.1,2.0.9
SYNCOPE-1352,2.1.1,2.1.1,2.0.9
SYNCOPE-1350,2.1.1,2.1.1,2.0.9
SYNCOPE-1347,2.1.1,2.1.1,2.0.9
SYNCOPE-1346,2.1.1,2.1.1,2.0.9
SYNCOPE-1344,2.1.1,2.1.1,2.1.1,stimato
SYNCOPE-1343,2.1.1,2.1.1,2.0.9
SYNCOPE-1342,2.1.1,2.1.1,2.1.0
SYNCOPE-1340,2.1.1,2.1.1,2.0.9
SYNCOPE-1339,2.1.1,2.1.1,2.0.9
SYNCOPE-1338,2.1.1,2.1.1,2.0.9
SYNCOPE-1337,2.1.1,2.1.1,2.0.9
SYNCOPE-1335,2.1.1,2.1.1,2.1.0
SYNCOPE-1334,2.1.1,2.1.1,2.1.0
SYNCOPE-1333,2.1.1,2.1.1,2.0.9
SYNCOPE-1331,2.1.1,2.1.1,2.1.0
SYNCOPE-1024,2.0.3,2.1.1,2.0.2
SYNCOPE-1389,2.1.2,2.1.2,2.1.2,stimato
SYNCOPE-1388,2.1.2,2.1.2,2.0.8
SYNCOPE-1387,2.1.2,2.1.2,2.0.8
SYNCOPE-1383,2.1.2,2.1.2,2.1.2,stimato
SYNCOPE-1380,2.1.2,2.1.2,2.1.2,stimato
SYNCOPE-1377,2.1.2,2.1.2,2.1.2,stimato
SYNCOPE-1376,2.1.2,2.1.2,2.1.2,stimato
SYNCOPE-1375,2.1.2,2.1.2,2.1.2,stimato
SYNCOPE-1374,2.1.2,2.1.2,2.1.2,stimato
SYNCOPE-1373,2.1.2,2.1.2,2.1.0
SYNCOPE-1372,2.1.2,2.1.2,2.1.2,stimato
SYNCOPE-1371,2.1.2,2.1.2,2.1.1
SYNCOPE-1370,2.1.2,2.1.2,2.1.2,stimato
SYNCOPE-1366,2.1.2,2.1.2,2.1.2,stimato
SYNCOPE-1365,2.1.2,2.1.2,2.1.1
SYNCOPE-1363,2.1.2,2.1.2,2.1.1
SYNCOPE-1362,2.1.2,2.1.2,2.1.1
SYNCOPE-1361,2.1.2,2.1.2,2.1.2,stimato
SYNCOPE-1360,2.1.2,2.1.2,2.1.2,stimato
SYNCOPE-1420,2.1.3,2.1.3,2.1.3,stimato
SYNCOPE-1419,2.1.3,2.1.3,2.1.3,stimato
SYNCOPE-1417,2.1.3,2.1.3,2.1.3,stimato
SYNCOPE-1411,2.1.3,2.1.3,2.1.3,stimato
SYNCOPE-1408,2.1.3,2.1.3,2.1.3,stimato
SYNCOPE-1407,2.1.3,2.1.3,2.1.3,stimato
SYNCOPE-1406,2.1.3,2.1.3,2.1.2
SYNCOPE-1405,2.1.3,2.1.3,2.1.3,stimato
SYNCOPE-1404,2.1.3,2.1.3,2.1.3,stimato
SYNCOPE-1399,2.1.3,2.1.3,2.1.3,stimato
SYNCOPE-1393,2.1.3,2.1.3,2.1.3,stimato
SYNCOPE-1391,2.1.3,2.1.3,2.1.3,stimato
SYNCOPE-1390,2.1.2,2.1.3,2.1.1,stimato
SYNCOPE-1457,2.1.4,2.1.4,2.1.4,stimato
SYNCOPE-1454,2.1.4,2.1.4,2.1.4,stimato
SYNCOPE-1453,2.1.4,2.1.4,2.1.4,stimato
SYNCOPE-1452,2.1.4,2.1.4,2.1.4,stimato
SYNCOPE-1450,2.1.4,2.1.4,2.1.4,stimato
SYNCOPE-1448,2.1.4,2.1.4,2.1.3
SYNCOPE-1447,2.1.4,2.1.4,2.1.3
SYNCOPE-1446,2.1.4,2.1.4,2.1.3
SYNCOPE-1443,2.1.4,2.1.4,2.1.4,stimato
SYNCOPE-1442,2.1.4,2.1.4,2.1.4,stimato
SYNCOPE-1440,2.1.4,2.1.4,2.1.4,stimato
SYNCOPE-1439,2.1.4,2.1.4,2.1.4,stimato
SYNCOPE-1438,2.1.4,2.1.4,2.1.4,stimato
SYNCOPE-1437,2.1.4,2.1.4,2.1.3
SYNCOPE-1432,2.1.4,2.1.4,2.1.3
SYNCOPE-1431,2.1.4,2.1.4,2.1.3
SYNCOPE-1430,2.1.4,2.1.4,2.1.4,stimato
SYNCOPE-1429,2.1.4,2.1.4,2.1.4,stimato
SYNCOPE-1428,2.1.4,2.1.4,2.1.4,stimato
SYNCOPE-1425,2.1.4,2.1.4,2.1.4,stimato
SYNCOPE-1493,2.1.5,2.1.5,2.1.5,stimato
SYNCOPE-1492,2.1.5,2.1.5,2.1.5,stimato
SYNCOPE-1488,2.1.5,2.1.5,2.1.5,stimato
SYNCOPE-1487,2.1.5,2.1.5,2.1.5,stimato
SYNCOPE-1485,2.1.5,2.1.5,2.1.5,stimato
SYNCOPE-1484,2.1.5,2.1.5,2.1.5,stimato
SYNCOPE-1483,2.1.5,2.1.5,2.1.5,stimato
SYNCOPE-1481,2.1.5,2.1.5,2.1.5,stimato
SYNCOPE-1480,2.1.5,2.1.5,2.1.5,stimato
SYNCOPE-1478,2.1.5,2.1.5,2.1.4
SYNCOPE-1477,2.1.5,2.1.5,2.1.5,stimato
SYNCOPE-1474,2.1.5,2.1.5,2.1.4
SYNCOPE-1472,2.1.5,2.1.5,2.1.5,stimato
SYNCOPE-1470,2.1.5,2.1.5,2.1.4
SYNCOPE-1469,2.1.5,2.1.5,2.1.4
SYNCOPE-1467,2.1.5,2.1.5,2.1.5,stimato
SYNCOPE-1554,2.1.6,2.1.6,2.1.5
SYNCOPE-1546,2.1.6,2.1.6,2.1.6,stimato
SYNCOPE-1544,2.1.6,2.1.6,2.1.5
SYNCOPE-1542,2.1.6,2.1.6,2.1.5
SYNCOPE-1539,2.1.6,2.1.6,2.1.6,stimato
SYNCOPE-1538,2.1.6,2.1.6,2.1.5
SYNCOPE-1537,2.1.6,2.1.6,2.1.5
SYNCOPE-1536,2.1.6,2.1.6,2.1.5
SYNCOPE-1533,2.1.6,2.1.6,2.1.5
SYNCOPE-1526,2.1.6,2.1.6,2.1.6,stimato
SYNCOPE-1525,2.1.6,2.1.6,2.1.6,stimato
SYNCOPE-1520,2.1.6,2.1.6,2.1.5
SYNCOPE-1512,2.1.6,2.1.6,2.1.5
SYNCOPE-1505,2.1.6,2.1.6,2.1.6,stimato
SYNCOPE-1504,2.1.6,2.1.6,2.1.5
SYNCOPE-1503,2.1.6,2.1.6,2.1.5
SYNCOPE-1476,2.1.5,2.1.6,2.1.4,stimato
SYNCOPE-1461,2.1.4,2.1.6,2.1.4
